instance,Number of initial infected,Rate of exposure to infected,Seasonality multiplier,Shielding by susceptible,Proportion of isolated in homes,Proportion of isolated in nursing homes,Time of initial seeding of infection,Probability of stay at home,Probability of protective behaviors
1,443.6,0.0492857142857143,0.211,0.967,0.471,0.549,96.0,0.9474,0.435333333333333
2,443.6,0.0525714285714286,0.211,0.967,0.471,0.549,77.5,0.9558,0.463666666666667
3,443.6,0.0558571428571429,0.211,0.967,0.471,0.549,114.5,0.9642,0.416444444444444
4,443.6,0.0591428571428571,0.211,0.967,0.471,0.549,68.25,0.9726,0.444777777777778
5,443.6,0.0624285714285714,0.211,0.967,0.471,0.549,105.25,0.94068,0.473111111111111
6,443.6,0.0657142857142857,0.211,0.967,0.471,0.549,86.75,0.94908,0.425888888888889
7,443.6,0.046469387755102,0.211,0.967,0.471,0.549,123.75,0.95748,0.454222222222222
8,443.6,0.0497551020408163,0.211,0.967,0.471,0.549,63.625,0.96588,0.482555555555556
9,443.6,0.0530408163265306,0.211,0.967,0.471,0.549,100.625,0.97428,0.410148148148148
10,443.6,0.0563265306122449,0.211,0.967,0.471,0.549,82.125,0.94236,0.438481481481481
11,443.6,0.0596122448979592,0.211,0.967,0.471,0.549,119.125,0.95076,0.466814814814815
12,443.6,0.0628979591836735,0.211,0.967,0.471,0.549,72.875,0.95916,0.419592592592593
13,443.6,0.0661836734693878,0.211,0.967,0.471,0.549,109.875,0.96756,0.447925925925926
14,443.6,0.0469387755102041,0.211,0.967,0.471,0.549,91.375,0.97596,0.476259259259259
15,443.6,0.0502244897959184,0.211,0.967,0.471,0.549,128.375,0.94404,0.429037037037037
16,443.6,0.0535102040816327,0.211,0.967,0.471,0.549,61.3125,0.95244,0.45737037037037
17,443.6,0.0567959183673469,0.211,0.967,0.471,0.549,98.3125,0.96084,0.485703703703704
18,443.6,0.0600816326530612,0.211,0.967,0.471,0.549,79.8125,0.96924,0.413296296296296
19,443.6,0.0633673469387755,0.211,0.967,0.471,0.549,116.8125,0.97764,0.44162962962963
20,443.6,0.0666530612244898,0.211,0.967,0.471,0.549,70.5625,0.94572,0.469962962962963
21,443.6,0.0474081632653061,0.211,0.967,0.471,0.549,107.5625,0.95412,0.422740740740741
22,443.6,0.0506938775510204,0.211,0.967,0.471,0.549,89.0625,0.96252,0.451074074074074
23,443.6,0.0539795918367347,0.211,0.967,0.471,0.549,126.0625,0.97092,0.479407407407407
24,443.6,0.057265306122449,0.211,0.967,0.471,0.549,65.9375,0.97932,0.432185185185185
25,443.6,0.0605510204081633,0.211,0.967,0.471,0.549,102.9375,0.939336,0.460518518518518
26,443.6,0.0638367346938775,0.211,0.967,0.471,0.549,84.4375,0.947736,0.488851851851852
27,443.6,0.0671224489795918,0.211,0.967,0.471,0.549,121.4375,0.956136,0.408049382716049
28,443.6,0.0478775510204082,0.211,0.967,0.471,0.549,75.1875,0.964536,0.436382716049383
29,443.6,0.0511632653061224,0.211,0.967,0.471,0.549,112.1875,0.972936,0.464716049382716
30,443.6,0.0544489795918367,0.211,0.967,0.471,0.549,93.6875,0.941016,0.417493827160494
31,443.6,0.057734693877551,0.211,0.967,0.471,0.549,130.6875,0.949416,0.445827160493827
32,443.6,0.0610204081632653,0.211,0.967,0.471,0.549,60.15625,0.957816,0.47416049382716
33,443.6,0.0643061224489796,0.211,0.967,0.471,0.549,97.15625,0.966216,0.426938271604938
34,443.6,0.0675918367346939,0.211,0.967,0.471,0.549,78.65625,0.974616,0.455271604938272
35,443.6,0.0483469387755102,0.211,0.967,0.471,0.549,115.65625,0.942696,0.483604938271605
36,443.6,0.0516326530612245,0.211,0.967,0.471,0.549,69.40625,0.951096,0.411197530864198
37,443.6,0.0549183673469388,0.211,0.967,0.471,0.549,106.40625,0.959496,0.439530864197531
38,443.6,0.0582040816326531,0.211,0.967,0.471,0.549,87.90625,0.967896,0.467864197530864
39,443.6,0.0614897959183673,0.211,0.967,0.471,0.549,124.90625,0.976296,0.420641975308642
40,443.6,0.0647755102040816,0.211,0.967,0.471,0.549,64.78125,0.944376,0.448975308641975
41,443.6,0.0680612244897959,0.211,0.967,0.471,0.549,101.78125,0.952776,0.477308641975309
42,443.6,0.0488163265306122,0.211,0.967,0.471,0.549,83.28125,0.961176,0.430086419753086
43,443.6,0.0521020408163265,0.211,0.967,0.471,0.549,120.28125,0.969576,0.45841975308642
44,443.6,0.0553877551020408,0.211,0.967,0.471,0.549,74.03125,0.977976,0.486753086419753
45,443.6,0.0586734693877551,0.211,0.967,0.471,0.549,111.03125,0.946056,0.414345679012346
46,443.6,0.0619591836734694,0.211,0.967,0.471,0.549,92.53125,0.954456,0.442679012345679
47,443.6,0.0652448979591837,0.211,0.967,0.471,0.549,129.53125,0.962856,0.471012345679012
48,443.6,0.068530612244898,0.211,0.967,0.471,0.549,62.46875,0.971256,0.42379012345679
49,443.6,0.046067055393586,0.211,0.967,0.471,0.549,99.46875,0.979656,0.452123456790123
50,443.6,0.0493527696793003,0.211,0.967,0.471,0.549,80.96875,0.939672,0.480456790123457
51,443.6,0.0526384839650146,0.211,0.967,0.471,0.549,117.96875,0.948072,0.433234567901235
52,443.6,0.0559241982507289,0.211,0.967,0.471,0.549,71.71875,0.956472,0.461567901234568
53,443.6,0.0592099125364432,0.211,0.967,0.471,0.549,108.71875,0.964872,0.489901234567901
54,443.6,0.0624956268221574,0.211,0.967,0.471,0.549,90.21875,0.973272,0.409098765432099
55,443.6,0.0657813411078717,0.211,0.967,0.471,0.549,127.21875,0.941352,0.437432098765432
56,443.6,0.046536443148688,0.211,0.967,0.471,0.549,67.09375,0.949752,0.465765432098765
57,443.6,0.0498221574344023,0.211,0.967,0.471,0.549,104.09375,0.958152,0.418543209876543
58,443.6,0.0531078717201166,0.211,0.967,0.471,0.549,85.59375,0.966552,0.446876543209877
59,443.6,0.0563935860058309,0.211,0.967,0.471,0.549,122.59375,0.974952,0.47520987654321
60,443.6,0.0596793002915452,0.211,0.967,0.471,0.549,76.34375,0.943032,0.427987654320988
61,443.6,0.0629650145772595,0.211,0.967,0.471,0.549,113.34375,0.951432,0.456320987654321
62,443.6,0.0662507288629738,0.211,0.967,0.471,0.549,94.84375,0.959832,0.484654320987654
63,443.6,0.0470058309037901,0.211,0.967,0.471,0.549,131.84375,0.968232,0.412246913580247
64,443.6,0.0502915451895044,0.211,0.967,0.471,0.549,59.578125,0.976632,0.44058024691358
65,443.6,0.0535772594752187,0.211,0.967,0.471,0.549,96.578125,0.944712,0.468913580246914
66,443.6,0.056862973760933,0.211,0.967,0.471,0.549,78.078125,0.953112,0.421691358024691
67,443.6,0.0601486880466472,0.211,0.967,0.471,0.549,115.078125,0.961512,0.450024691358025
68,443.6,0.0634344023323615,0.211,0.967,0.471,0.549,68.828125,0.969912,0.478358024691358
69,443.6,0.0667201166180758,0.211,0.967,0.471,0.549,105.828125,0.978312,0.431135802469136
70,443.6,0.0474752186588921,0.211,0.967,0.471,0.549,87.328125,0.946392,0.459469135802469
71,443.6,0.0507609329446064,0.211,0.967,0.471,0.549,124.328125,0.954792,0.487802469135802
72,443.6,0.0540466472303207,0.211,0.967,0.471,0.549,64.203125,0.963192,0.415395061728395
73,443.6,0.057332361516035,0.211,0.967,0.471,0.549,101.203125,0.971592,0.443728395061728
74,443.6,0.0606180758017493,0.211,0.967,0.471,0.549,82.703125,0.979992,0.472061728395062
75,443.6,0.0639037900874636,0.211,0.967,0.471,0.549,119.703125,0.940008,0.42483950617284
76,443.6,0.0671895043731778,0.211,0.967,0.471,0.549,73.453125,0.948408,0.453172839506173
77,443.6,0.0479446064139942,0.211,0.967,0.471,0.549,110.453125,0.956808,0.481506172839506
78,443.6,0.0512303206997085,0.211,0.967,0.471,0.549,91.953125,0.965208,0.434283950617284
79,443.6,0.0545160349854227,0.211,0.967,0.471,0.549,128.953125,0.973608,0.462617283950617
80,443.6,0.057801749271137,0.211,0.967,0.471,0.549,61.890625,0.941688,0.490950617283951
81,443.6,0.0610874635568513,0.211,0.967,0.471,0.549,98.890625,0.950088,0.407349794238683
82,443.6,0.0643731778425656,0.211,0.967,0.471,0.549,80.390625,0.958488,0.435683127572016
83,443.6,0.0676588921282799,0.211,0.967,0.471,0.549,117.390625,0.966888,0.46401646090535
84,443.6,0.0484139941690962,0.211,0.967,0.471,0.549,71.140625,0.975288,0.416794238683128
85,443.6,0.0516997084548105,0.211,0.967,0.471,0.549,108.140625,0.943368,0.445127572016461
86,443.6,0.0549854227405248,0.211,0.967,0.471,0.549,89.640625,0.951768,0.473460905349794
87,443.6,0.0582711370262391,0.211,0.967,0.471,0.549,126.640625,0.960168,0.426238683127572
88,443.6,0.0615568513119534,0.211,0.967,0.471,0.549,66.515625,0.968568,0.454572016460905
89,443.6,0.0648425655976676,0.211,0.967,0.471,0.549,103.515625,0.976968,0.482905349794239
90,443.6,0.0681282798833819,0.211,0.967,0.471,0.549,85.015625,0.945048,0.410497942386831
91,443.6,0.0488833819241982,0.211,0.967,0.471,0.549,122.015625,0.953448,0.438831275720165
92,443.6,0.0521690962099125,0.211,0.967,0.471,0.549,75.765625,0.961848,0.467164609053498
93,443.6,0.0554548104956268,0.211,0.967,0.471,0.549,112.765625,0.970248,0.419942386831276
94,443.6,0.0587405247813411,0.211,0.967,0.471,0.549,94.265625,0.978648,0.448275720164609
95,443.6,0.0620262390670554,0.211,0.967,0.471,0.549,131.265625,0.946728,0.476609053497942
96,443.6,0.0653119533527697,0.211,0.967,0.471,0.549,60.734375,0.955128,0.42938683127572
97,443.6,0.068597667638484,0.211,0.967,0.471,0.549,97.734375,0.963528,0.457720164609053
98,443.6,0.046134110787172,0.211,0.967,0.471,0.549,79.234375,0.971928,0.486053497942387
99,443.6,0.0494198250728863,0.211,0.967,0.471,0.549,116.234375,0.980328,0.413646090534979
100,443.6,0.0527055393586006,0.211,0.967,0.471,0.549,69.984375,0.940344,0.441979423868313
101,443.6,0.0559912536443149,0.211,0.967,0.471,0.549,106.984375,0.948744,0.470312757201646
102,443.6,0.0592769679300292,0.211,0.967,0.471,0.549,88.484375,0.957144,0.423090534979424
103,443.6,0.0625626822157434,0.211,0.967,0.471,0.549,125.484375,0.965544,0.451423868312757
104,443.6,0.0658483965014577,0.211,0.967,0.471,0.549,65.359375,0.973944,0.47975720164609
105,443.6,0.046603498542274,0.211,0.967,0.471,0.549,102.359375,0.942024,0.432534979423868
106,443.6,0.0498892128279883,0.211,0.967,0.471,0.549,83.859375,0.950424,0.460868312757202
107,443.6,0.0531749271137026,0.211,0.967,0.471,0.549,120.859375,0.958824,0.489201646090535
108,443.6,0.0564606413994169,0.211,0.967,0.471,0.549,74.609375,0.967224,0.408399176954732
109,443.6,0.0597463556851312,0.211,0.967,0.471,0.549,111.609375,0.975624,0.436732510288066
110,443.6,0.0630320699708455,0.211,0.967,0.471,0.549,93.109375,0.943704,0.465065843621399
111,443.6,0.0663177842565598,0.211,0.967,0.471,0.549,130.109375,0.952104,0.417843621399177
112,443.6,0.0470728862973761,0.211,0.967,0.471,0.549,63.046875,0.960504,0.44617695473251
113,443.6,0.0503586005830904,0.211,0.967,0.471,0.549,100.046875,0.968904,0.474510288065844
114,443.6,0.0536443148688047,0.211,0.967,0.471,0.549,81.546875,0.977304,0.427288065843621
115,443.6,0.056930029154519,0.211,0.967,0.471,0.549,118.546875,0.945384,0.455621399176955
116,443.6,0.0602157434402332,0.211,0.967,0.471,0.549,72.296875,0.953784,0.483954732510288
117,443.6,0.0635014577259475,0.211,0.967,0.471,0.549,109.296875,0.962184,0.411547325102881
118,443.6,0.0667871720116618,0.211,0.967,0.471,0.549,90.796875,0.970584,0.439880658436214
119,443.6,0.0475422740524781,0.211,0.967,0.471,0.549,127.796875,0.978984,0.468213991769547
120,443.6,0.0508279883381924,0.211,0.967,0.471,0.549,67.671875,0.947064,0.420991769547325
121,443.6,0.0541137026239067,0.211,0.967,0.471,0.549,104.671875,0.955464,0.449325102880658
122,443.6,0.057399416909621,0.211,0.967,0.471,0.549,86.171875,0.963864,0.477658436213992
123,443.6,0.0606851311953353,0.211,0.967,0.471,0.549,123.171875,0.972264,0.43043621399177
124,443.6,0.0639708454810496,0.211,0.967,0.471,0.549,76.921875,0.980664,0.458769547325103
125,443.6,0.0672565597667639,0.211,0.967,0.471,0.549,113.921875,0.9390672,0.487102880658436
126,443.6,0.0480116618075802,0.211,0.967,0.471,0.549,95.421875,0.9474672,0.414695473251029
127,443.6,0.0512973760932945,0.211,0.967,0.471,0.549,132.421875,0.9558672,0.443028806584362
128,443.6,0.0545830903790087,0.211,0.967,0.471,0.549,59.2890625,0.9642672,0.471362139917695
129,443.6,0.057868804664723,0.211,0.967,0.471,0.549,96.2890625,0.9726672,0.424139917695473
130,443.6,0.0611545189504373,0.211,0.967,0.471,0.549,77.7890625,0.9407472,0.452473251028807
131,443.6,0.0644402332361516,0.211,0.967,0.471,0.549,114.7890625,0.9491472,0.48080658436214
132,443.6,0.0677259475218659,0.211,0.967,0.471,0.549,68.5390625,0.9575472,0.433584362139918
133,443.6,0.0484810495626822,0.211,0.967,0.471,0.549,105.5390625,0.9659472,0.461917695473251
134,443.6,0.0517667638483965,0.211,0.967,0.471,0.549,87.0390625,0.9743472,0.490251028806584
135,443.6,0.0550524781341108,0.211,0.967,0.471,0.549,124.0390625,0.9424272,0.409448559670782
136,443.6,0.0583381924198251,0.211,0.967,0.471,0.549,63.9140625,0.9508272,0.437781893004115
137,443.6,0.0616239067055394,0.211,0.967,0.471,0.549,100.9140625,0.9592272,0.466115226337449
138,443.6,0.0649096209912536,0.211,0.967,0.471,0.549,82.4140625,0.9676272,0.418893004115226
139,443.6,0.0681953352769679,0.211,0.967,0.471,0.549,119.4140625,0.9760272,0.44722633744856
140,443.6,0.0489504373177843,0.211,0.967,0.471,0.549,73.1640625,0.9441072,0.475559670781893
141,443.6,0.0522361516034985,0.211,0.967,0.471,0.549,110.1640625,0.9525072,0.428337448559671
142,443.6,0.0555218658892128,0.211,0.967,0.471,0.549,91.6640625,0.9609072,0.456670781893004
143,443.6,0.0588075801749271,0.211,0.967,0.471,0.549,128.6640625,0.9693072,0.485004115226337
144,443.6,0.0620932944606414,0.211,0.967,0.471,0.549,61.6015625,0.9777072,0.41259670781893
145,443.6,0.0653790087463557,0.211,0.967,0.471,0.549,98.6015625,0.9457872,0.440930041152263
146,443.6,0.06866472303207,0.211,0.967,0.471,0.549,80.1015625,0.9541872,0.469263374485597
147,443.6,0.046201166180758,0.211,0.967,0.471,0.549,117.1015625,0.9625872,0.422041152263374
148,443.6,0.0494868804664723,0.211,0.967,0.471,0.549,70.8515625,0.9709872,0.450374485596708
149,443.6,0.0527725947521866,0.211,0.967,0.471,0.549,107.8515625,0.9793872,0.478707818930041
150,443.6,0.0560583090379009,0.211,0.967,0.471,0.549,89.3515625,0.9394032,0.431485596707819
151,443.6,0.0593440233236152,0.211,0.967,0.471,0.549,126.3515625,0.9478032,0.459818930041152
152,443.6,0.0626297376093294,0.211,0.967,0.471,0.549,66.2265625,0.9562032,0.488152263374486
153,443.6,0.0659154518950437,0.211,0.967,0.471,0.549,103.2265625,0.9646032,0.415744855967078
154,443.6,0.0466705539358601,0.211,0.967,0.471,0.549,84.7265625,0.9730032,0.444078189300411
155,443.6,0.0499562682215743,0.211,0.967,0.471,0.549,121.7265625,0.9410832,0.472411522633745
156,443.6,0.0532419825072886,0.211,0.967,0.471,0.549,75.4765625,0.9494832,0.425189300411523
157,443.6,0.0565276967930029,0.211,0.967,0.471,0.549,112.4765625,0.9578832,0.453522633744856
158,443.6,0.0598134110787172,0.211,0.967,0.471,0.549,93.9765625,0.9662832,0.481855967078189
159,443.6,0.0630991253644315,0.211,0.967,0.471,0.549,130.9765625,0.9746832,0.434633744855967
160,443.6,0.0663848396501458,0.211,0.967,0.471,0.549,60.4453125,0.9427632,0.4629670781893
161,443.6,0.0471399416909621,0.211,0.967,0.471,0.549,97.4453125,0.9511632,0.491300411522634
162,443.6,0.0504256559766764,0.211,0.967,0.471,0.549,78.9453125,0.9595632,0.407699588477366
163,443.6,0.0537113702623907,0.211,0.967,0.471,0.549,115.9453125,0.9679632,0.4360329218107
164,443.6,0.056997084548105,0.211,0.967,0.471,0.549,69.6953125,0.9763632,0.464366255144033
165,443.6,0.0602827988338192,0.211,0.967,0.471,0.549,106.6953125,0.9444432,0.417144032921811
166,443.6,0.0635685131195335,0.211,0.967,0.471,0.549,88.1953125,0.9528432,0.445477366255144
167,443.6,0.0668542274052478,0.211,0.967,0.471,0.549,125.1953125,0.9612432,0.473810699588477
168,443.6,0.0476093294460641,0.211,0.967,0.471,0.549,65.0703125,0.9696432,0.426588477366255
169,443.6,0.0508950437317784,0.211,0.967,0.471,0.549,102.0703125,0.9780432,0.454921810699588
170,443.6,0.0541807580174927,0.211,0.967,0.471,0.549,83.5703125,0.9461232,0.483255144032922
171,443.6,0.057466472303207,0.211,0.967,0.471,0.549,120.5703125,0.9545232,0.410847736625514
172,443.6,0.0607521865889213,0.211,0.967,0.471,0.549,74.3203125,0.9629232,0.439181069958848
173,443.6,0.0640379008746356,0.211,0.967,0.471,0.549,111.3203125,0.9713232,0.467514403292181
174,443.6,0.0673236151603499,0.211,0.967,0.471,0.549,92.8203125,0.9797232,0.420292181069959
175,443.6,0.0480787172011662,0.211,0.967,0.471,0.549,129.8203125,0.9397392,0.448625514403292
176,443.6,0.0513644314868805,0.211,0.967,0.471,0.549,62.7578125,0.9481392,0.476958847736626
177,443.6,0.0546501457725947,0.211,0.967,0.471,0.549,99.7578125,0.9565392,0.429736625514403
178,443.6,0.057935860058309,0.211,0.967,0.471,0.549,81.2578125,0.9649392,0.458069958847737
179,443.6,0.0612215743440233,0.211,0.967,0.471,0.549,118.2578125,0.9733392,0.48640329218107
180,443.6,0.0645072886297376,0.211,0.967,0.471,0.549,72.0078125,0.9414192,0.413995884773663
181,443.6,0.0677930029154519,0.211,0.967,0.471,0.549,109.0078125,0.9498192,0.442329218106996
182,443.6,0.0485481049562682,0.211,0.967,0.471,0.549,90.5078125,0.9582192,0.470662551440329
183,443.6,0.0518338192419825,0.211,0.967,0.471,0.549,127.5078125,0.9666192,0.423440329218107
184,443.6,0.0551195335276968,0.211,0.967,0.471,0.549,67.3828125,0.9750192,0.45177366255144
185,443.6,0.0584052478134111,0.211,0.967,0.471,0.549,104.3828125,0.9430992,0.480106995884774
186,443.6,0.0616909620991254,0.211,0.967,0.471,0.549,85.8828125,0.9514992,0.432884773662551
187,443.6,0.0649766763848396,0.211,0.967,0.471,0.549,122.8828125,0.9598992,0.461218106995885
188,443.6,0.0682623906705539,0.211,0.967,0.471,0.549,76.6328125,0.9682992,0.489551440329218
189,443.6,0.0490174927113703,0.211,0.967,0.471,0.549,113.6328125,0.9766992,0.408748971193416
190,443.6,0.0523032069970845,0.211,0.967,0.471,0.549,95.1328125,0.9447792,0.437082304526749
191,443.6,0.0555889212827988,0.211,0.967,0.471,0.549,132.1328125,0.9531792,0.465415637860082
192,443.6,0.0588746355685131,0.211,0.967,0.471,0.549,59.8671875,0.9615792,0.41819341563786
193,443.6,0.0621603498542274,0.211,0.967,0.471,0.549,96.8671875,0.9699792,0.446526748971193
194,443.6,0.0654460641399417,0.211,0.967,0.471,0.549,78.3671875,0.9783792,0.474860082304527
195,443.6,0.068731778425656,0.211,0.967,0.471,0.549,115.3671875,0.9464592,0.427637860082304
196,443.6,0.046268221574344,0.211,0.967,0.471,0.549,69.1171875,0.9548592,0.455971193415638
197,443.6,0.0495539358600583,0.211,0.967,0.471,0.549,106.1171875,0.9632592,0.484304526748971
198,443.6,0.0528396501457726,0.211,0.967,0.471,0.549,87.6171875,0.9716592,0.411897119341564
199,443.6,0.0561253644314869,0.211,0.967,0.471,0.549,124.6171875,0.9800592,0.440230452674897
200,443.6,0.0594110787172012,0.211,0.967,0.471,0.549,64.4921875,0.9400752,0.46856378600823
201,443.6,0.0626967930029154,0.211,0.967,0.471,0.549,101.4921875,0.9484752,0.421341563786008
202,443.6,0.0659825072886297,0.211,0.967,0.471,0.549,82.9921875,0.9568752,0.449674897119342
203,443.6,0.0467376093294461,0.211,0.967,0.471,0.549,119.9921875,0.9652752,0.478008230452675
204,443.6,0.0500233236151603,0.211,0.967,0.471,0.549,73.7421875,0.9736752,0.430786008230453
205,443.6,0.0533090379008746,0.211,0.967,0.471,0.549,110.7421875,0.9417552,0.459119341563786
206,443.6,0.0565947521865889,0.211,0.967,0.471,0.549,92.2421875,0.9501552,0.487452674897119
207,443.6,0.0598804664723032,0.211,0.967,0.471,0.549,129.2421875,0.9585552,0.415045267489712
208,443.6,0.0631661807580175,0.211,0.967,0.471,0.549,62.1796875,0.9669552,0.443378600823045
209,443.6,0.0664518950437318,0.211,0.967,0.471,0.549,99.1796875,0.9753552,0.471711934156379
210,443.6,0.0472069970845481,0.211,0.967,0.471,0.549,80.6796875,0.9434352,0.424489711934156
211,443.6,0.0504927113702624,0.211,0.967,0.471,0.549,117.6796875,0.9518352,0.45282304526749
212,443.6,0.0537784256559767,0.211,0.967,0.471,0.549,71.4296875,0.9602352,0.481156378600823
213,443.6,0.057064139941691,0.211,0.967,0.471,0.549,108.4296875,0.9686352,0.433934156378601
214,443.6,0.0603498542274052,0.211,0.967,0.471,0.549,89.9296875,0.9770352,0.462267489711934
215,443.6,0.0636355685131195,0.211,0.967,0.471,0.549,126.9296875,0.9451152,0.490600823045267
216,443.6,0.0669212827988338,0.211,0.967,0.471,0.549,66.8046875,0.9535152,0.409798353909465
217,443.6,0.0476763848396501,0.211,0.967,0.471,0.549,103.8046875,0.9619152,0.438131687242798
218,443.6,0.0509620991253644,0.211,0.967,0.471,0.549,85.3046875,0.9703152,0.466465020576132
219,443.6,0.0542478134110787,0.211,0.967,0.471,0.549,122.3046875,0.9787152,0.419242798353909
220,443.6,0.057533527696793,0.211,0.967,0.471,0.549,76.0546875,0.9467952,0.447576131687243
221,443.6,0.0608192419825073,0.211,0.967,0.471,0.549,113.0546875,0.9551952,0.475909465020576
222,443.6,0.0641049562682216,0.211,0.967,0.471,0.549,94.5546875,0.9635952,0.428687242798354
223,443.6,0.0673906705539359,0.211,0.967,0.471,0.549,131.5546875,0.9719952,0.457020576131687
224,443.6,0.0481457725947522,0.211,0.967,0.471,0.549,61.0234375,0.9803952,0.485353909465021
225,443.6,0.0514314868804665,0.211,0.967,0.471,0.549,98.0234375,0.9404112,0.412946502057613
226,443.6,0.0547172011661808,0.211,0.967,0.471,0.549,79.5234375,0.9488112,0.441279835390947
227,443.6,0.058002915451895,0.211,0.967,0.471,0.549,116.5234375,0.9572112,0.46961316872428
228,443.6,0.0612886297376093,0.211,0.967,0.471,0.549,70.2734375,0.9656112,0.422390946502058
229,443.6,0.0645743440233236,0.211,0.967,0.471,0.549,107.2734375,0.9740112,0.450724279835391
230,443.6,0.0678600583090379,0.211,0.967,0.471,0.549,88.7734375,0.9420912,0.479057613168724
231,443.6,0.0486151603498542,0.211,0.967,0.471,0.549,125.7734375,0.9504912,0.431835390946502
232,443.6,0.0519008746355685,0.211,0.967,0.471,0.549,65.6484375,0.9588912,0.460168724279835
233,443.6,0.0551865889212828,0.211,0.967,0.471,0.549,102.6484375,0.9672912,0.488502057613169
234,443.6,0.0584723032069971,0.211,0.967,0.471,0.549,84.1484375,0.9756912,0.416094650205761
235,443.6,0.0617580174927114,0.211,0.967,0.471,0.549,121.1484375,0.9437712,0.444427983539095
236,443.6,0.0650437317784257,0.211,0.967,0.471,0.549,74.8984375,0.9521712,0.472761316872428
237,443.6,0.06832944606414,0.211,0.967,0.471,0.549,111.8984375,0.9605712,0.425539094650206
238,443.6,0.0490845481049563,0.211,0.967,0.471,0.549,93.3984375,0.9689712,0.453872427983539
239,443.6,0.0523702623906706,0.211,0.967,0.471,0.549,130.3984375,0.9773712,0.482205761316872
240,443.6,0.0556559766763848,0.211,0.967,0.471,0.549,63.3359375,0.9454512,0.43498353909465
241,443.6,0.0589416909620991,0.211,0.967,0.471,0.549,100.3359375,0.9538512,0.463316872427984
242,443.6,0.0622274052478134,0.211,0.967,0.471,0.549,81.8359375,0.9622512,0.491650205761317
243,443.6,0.0655131195335277,0.211,0.967,0.471,0.549,118.8359375,0.9706512,0.407116598079561
244,443.6,0.068798833819242,0.211,0.967,0.471,0.549,72.5859375,0.9790512,0.435449931412894
245,443.6,0.04633527696793,0.211,0.967,0.471,0.549,109.5859375,0.9471312,0.463783264746228
246,443.6,0.0496209912536443,0.211,0.967,0.471,0.549,91.0859375,0.9555312,0.416561042524005
247,443.6,0.0529067055393586,0.211,0.967,0.471,0.549,128.0859375,0.9639312,0.444894375857339
248,443.6,0.0561924198250729,0.211,0.967,0.471,0.549,67.9609375,0.9723312,0.473227709190672
249,443.6,0.0594781341107872,0.211,0.967,0.471,0.549,104.9609375,0.9807312,0.42600548696845
250,443.6,0.0627638483965015,0.211,0.967,0.471,0.549,86.4609375,0.9391344,0.454338820301783
251,443.6,0.0660495626822157,0.211,0.967,0.471,0.549,123.4609375,0.9475344,0.482672153635117
252,443.6,0.0468046647230321,0.211,0.967,0.471,0.549,77.2109375,0.9559344,0.410264746227709
253,443.6,0.0500903790087464,0.211,0.967,0.471,0.549,114.2109375,0.9643344,0.438598079561043
254,443.6,0.0533760932944606,0.211,0.967,0.471,0.549,95.7109375,0.9727344,0.466931412894376
255,443.6,0.0566618075801749,0.211,0.967,0.471,0.549,132.7109375,0.9408144,0.419709190672154
256,443.6,0.0599475218658892,0.211,0.967,0.471,0.549,59.14453125,0.9492144,0.448042524005487
257,443.6,0.0632332361516035,0.211,0.967,0.471,0.549,96.14453125,0.9576144,0.47637585733882
258,443.6,0.0665189504373178,0.211,0.967,0.471,0.549,77.64453125,0.9660144,0.429153635116598
259,443.6,0.0472740524781341,0.211,0.967,0.471,0.549,114.64453125,0.9744144,0.457486968449931
260,443.6,0.0505597667638484,0.211,0.967,0.471,0.549,68.39453125,0.9424944,0.485820301783265
261,443.6,0.0538454810495627,0.211,0.967,0.471,0.549,105.39453125,0.9508944,0.413412894375857
262,443.6,0.057131195335277,0.211,0.967,0.471,0.549,86.89453125,0.9592944,0.441746227709191
263,443.6,0.0604169096209913,0.211,0.967,0.471,0.549,123.89453125,0.9676944,0.470079561042524
264,443.6,0.0637026239067055,0.211,0.967,0.471,0.549,63.76953125,0.9760944,0.422857338820302
265,443.6,0.0669883381924198,0.211,0.967,0.471,0.549,100.76953125,0.9441744,0.451190672153635
266,443.6,0.0477434402332362,0.211,0.967,0.471,0.549,82.26953125,0.9525744,0.479524005486968
267,443.6,0.0510291545189504,0.211,0.967,0.471,0.549,119.26953125,0.9609744,0.432301783264746
268,443.6,0.0543148688046647,0.211,0.967,0.471,0.549,73.01953125,0.9693744,0.46063511659808
269,443.6,0.057600583090379,0.211,0.967,0.471,0.549,110.01953125,0.9777744,0.488968449931413
270,443.6,0.0608862973760933,0.211,0.967,0.471,0.549,91.51953125,0.9458544,0.40816598079561
271,443.6,0.0641720116618076,0.211,0.967,0.471,0.549,128.51953125,0.9542544,0.436499314128944
272,443.6,0.0674577259475219,0.211,0.967,0.471,0.549,61.45703125,0.9626544,0.464832647462277
273,443.6,0.0482128279883382,0.211,0.967,0.471,0.549,98.45703125,0.9710544,0.417610425240055
274,443.6,0.0514985422740525,0.211,0.967,0.471,0.549,79.95703125,0.9794544,0.445943758573388
275,443.6,0.0547842565597668,0.211,0.967,0.471,0.549,116.95703125,0.9394704,0.474277091906722
276,443.6,0.058069970845481,0.211,0.967,0.471,0.549,70.70703125,0.9478704,0.427054869684499
277,443.6,0.0613556851311953,0.211,0.967,0.471,0.549,107.70703125,0.9562704,0.455388203017833
278,443.6,0.0646413994169096,0.211,0.967,0.471,0.549,89.20703125,0.9646704,0.483721536351166
279,443.6,0.0679271137026239,0.211,0.967,0.471,0.549,126.20703125,0.9730704,0.411314128943759
280,443.6,0.0486822157434402,0.211,0.967,0.471,0.549,66.08203125,0.9411504,0.439647462277092
281,443.6,0.0519679300291545,0.211,0.967,0.471,0.549,103.08203125,0.9495504,0.467980795610425
282,443.6,0.0552536443148688,0.211,0.967,0.471,0.549,84.58203125,0.9579504,0.420758573388203
283,443.6,0.0585393586005831,0.211,0.967,0.471,0.549,121.58203125,0.9663504,0.449091906721536
284,443.6,0.0618250728862974,0.211,0.967,0.471,0.549,75.33203125,0.9747504,0.47742524005487
285,443.6,0.0651107871720117,0.211,0.967,0.471,0.549,112.33203125,0.9428304,0.430203017832647
286,443.6,0.068396501457726,0.211,0.967,0.471,0.549,93.83203125,0.9512304,0.458536351165981
287,443.6,0.0491516034985423,0.211,0.967,0.471,0.549,130.83203125,0.9596304,0.486869684499314
288,443.6,0.0524373177842566,0.211,0.967,0.471,0.549,60.30078125,0.9680304,0.414462277091907
289,443.6,0.0557230320699708,0.211,0.967,0.471,0.549,97.30078125,0.9764304,0.44279561042524
290,443.6,0.0590087463556851,0.211,0.967,0.471,0.549,78.80078125,0.9445104,0.471128943758573
291,443.6,0.0622944606413994,0.211,0.967,0.471,0.549,115.80078125,0.9529104,0.423906721536351
292,443.6,0.0655801749271137,0.211,0.967,0.471,0.549,69.55078125,0.9613104,0.452240054869684
293,443.6,0.068865889212828,0.211,0.967,0.471,0.549,106.55078125,0.9697104,0.480573388203018
294,443.6,0.046402332361516,0.211,0.967,0.471,0.549,88.05078125,0.9781104,0.433351165980796
295,443.6,0.0496880466472303,0.211,0.967,0.471,0.549,125.05078125,0.9461904,0.461684499314129
296,443.6,0.0529737609329446,0.211,0.967,0.471,0.549,64.92578125,0.9545904,0.490017832647462
297,443.6,0.0562594752186589,0.211,0.967,0.471,0.549,101.92578125,0.9629904,0.40921536351166
298,443.6,0.0595451895043732,0.211,0.967,0.471,0.549,83.42578125,0.9713904,0.437548696844993
299,443.6,0.0628309037900875,0.211,0.967,0.471,0.549,120.42578125,0.9797904,0.465882030178326
300,443.6,0.0661166180758018,0.211,0.967,0.471,0.549,74.17578125,0.9398064,0.418659807956104
301,443.6,0.0468717201166181,0.211,0.967,0.471,0.549,111.17578125,0.9482064,0.446993141289438
302,443.6,0.0501574344023324,0.211,0.967,0.471,0.549,92.67578125,0.9566064,0.475326474622771
303,443.6,0.0534431486880467,0.211,0.967,0.471,0.549,129.67578125,0.9650064,0.428104252400549
304,443.6,0.0567288629737609,0.211,0.967,0.471,0.549,62.61328125,0.9734064,0.456437585733882
305,443.6,0.0600145772594752,0.211,0.967,0.471,0.549,99.61328125,0.9414864,0.484770919067215
306,443.6,0.0633002915451895,0.211,0.967,0.471,0.549,81.11328125,0.9498864,0.412363511659808
307,443.6,0.0665860058309038,0.211,0.967,0.471,0.549,118.11328125,0.9582864,0.440696844993141
308,443.6,0.0473411078717201,0.211,0.967,0.471,0.549,71.86328125,0.9666864,0.469030178326475
309,443.6,0.0506268221574344,0.211,0.967,0.471,0.549,108.86328125,0.9750864,0.421807956104252
310,443.6,0.0539125364431487,0.211,0.967,0.471,0.549,90.36328125,0.9431664,0.450141289437586
311,443.6,0.057198250728863,0.211,0.967,0.471,0.549,127.36328125,0.9515664,0.478474622770919
312,443.6,0.0604839650145773,0.211,0.967,0.471,0.549,67.23828125,0.9599664,0.431252400548697
313,443.6,0.0637696793002916,0.211,0.967,0.471,0.549,104.23828125,0.9683664,0.45958573388203
314,443.6,0.0670553935860058,0.211,0.967,0.471,0.549,85.73828125,0.9767664,0.487919067215363
315,443.6,0.0478104956268222,0.211,0.967,0.471,0.549,122.73828125,0.9448464,0.415511659807956
316,443.6,0.0510962099125364,0.211,0.967,0.471,0.549,76.48828125,0.9532464,0.443844993141289
317,443.6,0.0543819241982507,0.211,0.967,0.471,0.549,113.48828125,0.9616464,0.472178326474623
318,443.6,0.057667638483965,0.211,0.967,0.471,0.549,94.98828125,0.9700464,0.424956104252401
319,443.6,0.0609533527696793,0.211,0.967,0.471,0.549,131.98828125,0.9784464,0.453289437585734
320,443.6,0.0642390670553936,0.211,0.967,0.471,0.549,59.72265625,0.9465264,0.481622770919067
321,443.6,0.0675247813411079,0.211,0.967,0.471,0.549,96.72265625,0.9549264,0.434400548696845
322,443.6,0.0482798833819242,0.211,0.967,0.471,0.549,78.22265625,0.9633264,0.462733882030178
323,443.6,0.0515655976676385,0.211,0.967,0.471,0.549,115.22265625,0.9717264,0.491067215363512
324,443.6,0.0548513119533528,0.211,0.967,0.471,0.549,68.97265625,0.9801264,0.407466392318244
325,443.6,0.0581370262390671,0.211,0.967,0.471,0.549,105.97265625,0.9401424,0.435799725651577
326,443.6,0.0614227405247813,0.211,0.967,0.471,0.549,87.47265625,0.9485424,0.464133058984911
327,443.6,0.0647084548104956,0.211,0.967,0.471,0.549,124.47265625,0.9569424,0.416910836762689
328,443.6,0.0679941690962099,0.211,0.967,0.471,0.549,64.34765625,0.9653424,0.445244170096022
329,443.6,0.0487492711370262,0.211,0.967,0.471,0.549,101.34765625,0.9737424,0.473577503429355
330,443.6,0.0520349854227405,0.211,0.967,0.471,0.549,82.84765625,0.9418224,0.426355281207133
331,443.6,0.0553206997084548,0.211,0.967,0.471,0.549,119.84765625,0.9502224,0.454688614540466
332,443.6,0.0586064139941691,0.211,0.967,0.471,0.549,73.59765625,0.9586224,0.4830219478738
333,443.6,0.0618921282798834,0.211,0.967,0.471,0.549,110.59765625,0.9670224,0.410614540466392
334,443.6,0.0651778425655977,0.211,0.967,0.471,0.549,92.09765625,0.9754224,0.438947873799726
335,443.6,0.068463556851312,0.211,0.967,0.471,0.549,129.09765625,0.9435024,0.467281207133059
336,443.6,0.0492186588921283,0.211,0.967,0.471,0.549,62.03515625,0.9519024,0.420058984910837
337,443.6,0.0525043731778426,0.211,0.967,0.471,0.549,99.03515625,0.9603024,0.44839231824417
338,443.6,0.0557900874635569,0.211,0.967,0.471,0.549,80.53515625,0.9687024,0.476725651577503
339,443.6,0.0590758017492711,0.211,0.967,0.471,0.549,117.53515625,0.9771024,0.429503429355281
340,443.6,0.0623615160349854,0.211,0.967,0.471,0.549,71.28515625,0.9451824,0.457836762688615
341,443.6,0.0656472303206997,0.211,0.967,0.471,0.549,108.28515625,0.9535824,0.486170096021948
342,443.6,0.068932944606414,0.211,0.967,0.471,0.549,89.78515625,0.9619824,0.41376268861454
343,443.6,0.0460095793419409,0.211,0.967,0.471,0.549,126.78515625,0.9703824,0.442096021947874
344,443.6,0.0492952936276551,0.211,0.967,0.471,0.549,66.66015625,0.9787824,0.470429355281207
345,443.6,0.0525810079133694,0.211,0.967,0.471,0.549,103.66015625,0.9468624,0.423207133058985
346,443.6,0.0558667221990837,0.211,0.967,0.471,0.549,85.16015625,0.9552624,0.451540466392318
347,443.6,0.059152436484798,0.211,0.967,0.471,0.549,122.16015625,0.9636624,0.479873799725652
348,443.6,0.0624381507705123,0.211,0.967,0.471,0.549,75.91015625,0.9720624,0.432651577503429
349,443.6,0.0657238650562266,0.211,0.967,0.471,0.549,112.91015625,0.9804624,0.460984910836763
350,443.6,0.0464789670970429,0.211,0.967,0.471,0.549,94.41015625,0.9404784,0.489318244170096
351,443.6,0.0497646813827572,0.211,0.967,0.471,0.549,131.41015625,0.9488784,0.408515775034294
352,443.6,0.0530503956684715,0.211,0.967,0.471,0.549,60.87890625,0.9572784,0.436849108367627
353,443.6,0.0563361099541858,0.211,0.967,0.471,0.549,97.87890625,0.9656784,0.46518244170096
354,443.6,0.0596218242399,0.211,0.967,0.471,0.549,79.37890625,0.9740784,0.417960219478738
355,443.6,0.0629075385256143,0.211,0.967,0.471,0.549,116.37890625,0.9421584,0.446293552812071
356,443.6,0.0661932528113286,0.211,0.967,0.471,0.549,70.12890625,0.9505584,0.474626886145405
357,443.6,0.0469483548521449,0.211,0.967,0.471,0.549,107.12890625,0.9589584,0.427404663923182
358,443.6,0.0502340691378592,0.211,0.967,0.471,0.549,88.62890625,0.9673584,0.455737997256516
359,443.6,0.0535197834235735,0.211,0.967,0.471,0.549,125.62890625,0.9757584,0.484071330589849
360,443.6,0.0568054977092878,0.211,0.967,0.471,0.549,65.50390625,0.9438384,0.411663923182442
361,443.6,0.0600912119950021,0.211,0.967,0.471,0.549,102.50390625,0.9522384,0.439997256515775
362,443.6,0.0633769262807164,0.211,0.967,0.471,0.549,84.00390625,0.9606384,0.468330589849108
363,443.6,0.0666626405664307,0.211,0.967,0.471,0.549,121.00390625,0.9690384,0.421108367626886
364,443.6,0.047417742607247,0.211,0.967,0.471,0.549,74.75390625,0.9774384,0.449441700960219
365,443.6,0.0507034568929613,0.211,0.967,0.471,0.549,111.75390625,0.9455184,0.477775034293553
366,443.6,0.0539891711786756,0.211,0.967,0.471,0.549,93.25390625,0.9539184,0.430552812071331
367,443.6,0.0572748854643898,0.211,0.967,0.471,0.549,130.25390625,0.9623184,0.458886145404664
368,443.6,0.0605605997501041,0.211,0.967,0.471,0.549,63.19140625,0.9707184,0.487219478737997
369,443.6,0.0638463140358184,0.211,0.967,0.471,0.549,100.19140625,0.9791184,0.41481207133059
370,443.6,0.0671320283215327,0.211,0.967,0.471,0.549,81.69140625,0.9471984,0.443145404663923
371,443.6,0.047887130362349,0.211,0.967,0.471,0.549,118.69140625,0.9555984,0.471478737997256
372,443.6,0.0511728446480633,0.211,0.967,0.471,0.549,72.44140625,0.9639984,0.424256515775034
373,443.6,0.0544585589337776,0.211,0.967,0.471,0.549,109.44140625,0.9723984,0.452589849108368
374,443.6,0.0577442732194919,0.211,0.967,0.471,0.549,90.94140625,0.9807984,0.480923182441701
375,443.6,0.0610299875052062,0.211,0.967,0.471,0.549,127.94140625,0.9392016,0.433700960219479
376,443.6,0.0643157017909205,0.211,0.967,0.471,0.549,67.81640625,0.9476016,0.462034293552812
377,443.6,0.0676014160766347,0.211,0.967,0.471,0.549,104.81640625,0.9560016,0.490367626886145
378,443.6,0.0483565181174511,0.211,0.967,0.471,0.549,86.31640625,0.9644016,0.409565157750343
379,443.6,0.0516422324031653,0.211,0.967,0.471,0.549,123.31640625,0.9728016,0.437898491083676
380,443.6,0.0549279466888796,0.211,0.967,0.471,0.549,77.06640625,0.9408816,0.46623182441701
381,443.6,0.0582136609745939,0.211,0.967,0.471,0.549,114.06640625,0.9492816,0.419009602194787
382,443.6,0.0614993752603082,0.211,0.967,0.471,0.549,95.56640625,0.9576816,0.447342935528121
383,443.6,0.0647850895460225,0.211,0.967,0.471,0.549,132.56640625,0.9660816,0.475676268861454
384,443.6,0.0680708038317368,0.211,0.967,0.471,0.549,59.43359375,0.9744816,0.428454046639232
385,443.6,0.0488259058725531,0.211,0.967,0.471,0.549,96.43359375,0.9425616,0.456787379972565
386,443.6,0.0521116201582674,0.211,0.967,0.471,0.549,77.93359375,0.9509616,0.485120713305898
387,443.6,0.0553973344439817,0.211,0.967,0.471,0.549,114.93359375,0.9593616,0.412713305898491
388,443.6,0.058683048729696,0.211,0.967,0.471,0.549,68.68359375,0.9677616,0.441046639231824
389,443.6,0.0619687630154103,0.211,0.967,0.471,0.549,105.68359375,0.9761616,0.469379972565158
390,443.6,0.0652544773011245,0.211,0.967,0.471,0.549,87.18359375,0.9442416,0.422157750342936
391,443.6,0.0685401915868388,0.211,0.967,0.471,0.549,124.18359375,0.9526416,0.450491083676269
392,443.6,0.0460766347355269,0.211,0.967,0.471,0.549,64.05859375,0.9610416,0.478824417009602
393,443.6,0.0493623490212411,0.211,0.967,0.471,0.549,101.05859375,0.9694416,0.43160219478738
394,443.6,0.0526480633069554,0.211,0.967,0.471,0.549,82.55859375,0.9778416,0.459935528120713
395,443.6,0.0559337775926697,0.211,0.967,0.471,0.549,119.55859375,0.9459216,0.488268861454047
396,443.6,0.059219491878384,0.211,0.967,0.471,0.549,73.30859375,0.9543216,0.415861454046639
397,443.6,0.0625052061640983,0.211,0.967,0.471,0.549,110.30859375,0.9627216,0.444194787379973
398,443.6,0.0657909204498126,0.211,0.967,0.471,0.549,91.80859375,0.9711216,0.472528120713306
399,443.6,0.0465460224906289,0.211,0.967,0.471,0.549,128.80859375,0.9795216,0.425305898491084
400,443.6,0.0498317367763432,0.211,0.967,0.471,0.549,61.74609375,0.9395376,0.453639231824417
401,443.6,0.0531174510620575,0.211,0.967,0.471,0.549,98.74609375,0.9479376,0.48197256515775
402,443.6,0.0564031653477718,0.211,0.967,0.471,0.549,80.24609375,0.9563376,0.434750342935528
403,443.6,0.059688879633486,0.211,0.967,0.471,0.549,117.24609375,0.9647376,0.463083676268861
404,443.6,0.0629745939192003,0.211,0.967,0.471,0.549,70.99609375,0.9731376,0.491417009602195
405,443.6,0.0662603082049146,0.211,0.967,0.471,0.549,107.99609375,0.9412176,0.407816186556927
406,443.6,0.0470154102457309,0.211,0.967,0.471,0.549,89.49609375,0.9496176,0.436149519890261
407,443.6,0.0503011245314452,0.211,0.967,0.471,0.549,126.49609375,0.9580176,0.464482853223594
408,443.6,0.0535868388171595,0.211,0.967,0.471,0.549,66.37109375,0.9664176,0.417260631001372
409,443.6,0.0568725531028738,0.211,0.967,0.471,0.549,103.37109375,0.9748176,0.445593964334705
410,443.6,0.0601582673885881,0.211,0.967,0.471,0.549,84.87109375,0.9428976,0.473927297668038
411,443.6,0.0634439816743024,0.211,0.967,0.471,0.549,121.87109375,0.9512976,0.426705075445816
412,443.6,0.0667296959600167,0.211,0.967,0.471,0.549,75.62109375,0.9596976,0.45503840877915
413,443.6,0.047484798000833,0.211,0.967,0.471,0.549,112.62109375,0.9680976,0.483371742112483
414,443.6,0.0507705122865473,0.211,0.967,0.471,0.549,94.12109375,0.9764976,0.410964334705075
415,443.6,0.0540562265722616,0.211,0.967,0.471,0.549,131.12109375,0.9445776,0.439297668038409
416,443.6,0.0573419408579758,0.211,0.967,0.471,0.549,60.58984375,0.9529776,0.467631001371742
417,443.6,0.0606276551436901,0.211,0.967,0.471,0.549,97.58984375,0.9613776,0.42040877914952
418,443.6,0.0639133694294044,0.211,0.967,0.471,0.549,79.08984375,0.9697776,0.448742112482853
419,443.6,0.0671990837151187,0.211,0.967,0.471,0.549,116.08984375,0.9781776,0.477075445816187
420,443.6,0.047954185755935,0.211,0.967,0.471,0.549,69.83984375,0.9462576,0.429853223593964
421,443.6,0.0512399000416493,0.211,0.967,0.471,0.549,106.83984375,0.9546576,0.458186556927298
422,443.6,0.0545256143273636,0.211,0.967,0.471,0.549,88.33984375,0.9630576,0.486519890260631
423,443.6,0.0578113286130779,0.211,0.967,0.471,0.549,125.33984375,0.9714576,0.414112482853224
424,443.6,0.0610970428987922,0.211,0.967,0.471,0.549,65.21484375,0.9798576,0.442445816186557
425,443.6,0.0643827571845065,0.211,0.967,0.471,0.549,102.21484375,0.9398736,0.47077914951989
426,443.6,0.0676684714702207,0.211,0.967,0.471,0.549,83.71484375,0.9482736,0.423556927297668
427,443.6,0.0484235735110371,0.211,0.967,0.471,0.549,120.71484375,0.9566736,0.451890260631001
428,443.6,0.0517092877967514,0.211,0.967,0.471,0.549,74.46484375,0.9650736,0.480223593964335
429,443.6,0.0549950020824656,0.211,0.967,0.471,0.549,111.46484375,0.9734736,0.433001371742112
430,443.6,0.0582807163681799,0.211,0.967,0.471,0.549,92.96484375,0.9415536,0.461334705075446
431,443.6,0.0615664306538942,0.211,0.967,0.471,0.549,129.96484375,0.9499536,0.489668038408779
432,443.6,0.0648521449396085,0.211,0.967,0.471,0.549,62.90234375,0.9583536,0.408865569272977
433,443.6,0.0681378592253228,0.211,0.967,0.471,0.549,99.90234375,0.9667536,0.43719890260631
434,443.6,0.0488929612661391,0.211,0.967,0.471,0.549,81.40234375,0.9751536,0.465532235939643
435,443.6,0.0521786755518534,0.211,0.967,0.471,0.549,118.40234375,0.9432336,0.418310013717421
436,443.6,0.0554643898375677,0.211,0.967,0.471,0.549,72.15234375,0.9516336,0.446643347050754
437,443.6,0.058750104123282,0.211,0.967,0.471,0.549,109.15234375,0.9600336,0.474976680384088
438,443.6,0.0620358184089963,0.211,0.967,0.471,0.549,90.65234375,0.9684336,0.427754458161866
439,443.6,0.0653215326947105,0.211,0.967,0.471,0.549,127.65234375,0.9768336,0.456087791495199
440,443.6,0.0686072469804248,0.211,0.967,0.471,0.549,67.52734375,0.9449136,0.484421124828532
441,443.6,0.0461436901291129,0.211,0.967,0.471,0.549,104.52734375,0.9533136,0.412013717421125
442,443.6,0.0494294044148272,0.211,0.967,0.471,0.549,86.02734375,0.9617136,0.440347050754458
443,443.6,0.0527151187005414,0.211,0.967,0.471,0.549,123.02734375,0.9701136,0.468680384087792
444,443.6,0.0560008329862557,0.211,0.967,0.471,0.549,76.77734375,0.9785136,0.421458161865569
445,443.6,0.05928654727197,0.211,0.967,0.471,0.549,113.77734375,0.9465936,0.449791495198903
446,443.6,0.0625722615576843,0.211,0.967,0.471,0.549,95.27734375,0.9549936,0.478124828532236
447,443.6,0.0658579758433986,0.211,0.967,0.471,0.549,132.27734375,0.9633936,0.430902606310014
448,443.6,0.0466130778842149,0.211,0.967,0.471,0.549,60.01171875,0.9717936,0.459235939643347
449,443.6,0.0498987921699292,0.211,0.967,0.471,0.549,97.01171875,0.9801936,0.48756927297668
450,443.6,0.0531845064556435,0.211,0.967,0.471,0.549,78.51171875,0.9402096,0.415161865569273
451,443.6,0.0564702207413578,0.211,0.967,0.471,0.549,115.51171875,0.9486096,0.443495198902606
452,443.6,0.059755935027072,0.211,0.967,0.471,0.549,69.26171875,0.9570096,0.47182853223594
453,443.6,0.0630416493127863,0.211,0.967,0.471,0.549,106.26171875,0.9654096,0.424606310013717
454,443.6,0.0663273635985006,0.211,0.967,0.471,0.549,87.76171875,0.9738096,0.452939643347051
455,443.6,0.047082465639317,0.211,0.967,0.471,0.549,124.76171875,0.9418896,0.481272976680384
456,443.6,0.0503681799250312,0.211,0.967,0.471,0.549,64.63671875,0.9502896,0.434050754458162
457,443.6,0.0536538942107455,0.211,0.967,0.471,0.549,101.63671875,0.9586896,0.462384087791495
458,443.6,0.0569396084964598,0.211,0.967,0.471,0.549,83.13671875,0.9670896,0.490717421124829
459,443.6,0.0602253227821741,0.211,0.967,0.471,0.549,120.13671875,0.9754896,0.409914951989026
460,443.6,0.0635110370678884,0.211,0.967,0.471,0.549,73.88671875,0.9435696,0.438248285322359
461,443.6,0.0667967513536027,0.211,0.967,0.471,0.549,110.88671875,0.9519696,0.466581618655693
462,443.6,0.047551853394419,0.211,0.967,0.471,0.549,92.38671875,0.9603696,0.41935939643347
463,443.6,0.0508375676801333,0.211,0.967,0.471,0.549,129.38671875,0.9687696,0.447692729766804
464,443.6,0.0541232819658476,0.211,0.967,0.471,0.549,62.32421875,0.9771696,0.476026063100137
465,443.6,0.0574089962515619,0.211,0.967,0.471,0.549,99.32421875,0.9452496,0.428803840877915
466,443.6,0.0606947105372761,0.211,0.967,0.471,0.549,80.82421875,0.9536496,0.457137174211248
467,443.6,0.0639804248229904,0.211,0.967,0.471,0.549,117.82421875,0.9620496,0.485470507544582
468,443.6,0.0672661391087047,0.211,0.967,0.471,0.549,71.57421875,0.9704496,0.413063100137174
469,443.6,0.048021241149521,0.211,0.967,0.471,0.549,108.57421875,0.9788496,0.441396433470507
470,443.6,0.0513069554352353,0.211,0.967,0.471,0.549,90.07421875,0.9469296,0.469729766803841
471,443.6,0.0545926697209496,0.211,0.967,0.471,0.549,127.07421875,0.9553296,0.422507544581619
472,443.6,0.0578783840066639,0.211,0.967,0.471,0.549,66.94921875,0.9637296,0.450840877914952
473,443.6,0.0611640982923782,0.211,0.967,0.471,0.549,103.94921875,0.9721296,0.479174211248285
474,443.6,0.0644498125780925,0.211,0.967,0.471,0.549,85.44921875,0.9805296,0.431951989026063
475,443.6,0.0677355268638068,0.211,0.967,0.471,0.549,122.44921875,0.9405456,0.460285322359396
476,443.6,0.0484906289046231,0.211,0.967,0.471,0.549,76.19921875,0.9489456,0.48861865569273
477,443.6,0.0517763431903374,0.211,0.967,0.471,0.549,113.19921875,0.9573456,0.416211248285322
478,443.6,0.0550620574760516,0.211,0.967,0.471,0.549,94.69921875,0.9657456,0.444544581618656
479,443.6,0.0583477717617659,0.211,0.967,0.471,0.549,131.69921875,0.9741456,0.472877914951989
480,443.6,0.0616334860474802,0.211,0.967,0.471,0.549,61.16796875,0.9422256,0.425655692729767
481,443.6,0.0649192003331945,0.211,0.967,0.471,0.549,98.16796875,0.9506256,0.4539890260631
482,443.6,0.0682049146189088,0.211,0.967,0.471,0.549,79.66796875,0.9590256,0.482322359396433
483,443.6,0.0489600166597251,0.211,0.967,0.471,0.549,116.66796875,0.9674256,0.435100137174211
484,443.6,0.0522457309454394,0.211,0.967,0.471,0.549,70.41796875,0.9758256,0.463433470507545
485,443.6,0.0555314452311537,0.211,0.967,0.471,0.549,107.41796875,0.9439056,0.491766803840878
486,443.6,0.058817159516868,0.211,0.967,0.471,0.549,88.91796875,0.9523056,0.407233196159122
487,443.6,0.0621028738025823,0.211,0.967,0.471,0.549,125.91796875,0.9607056,0.435566529492455
488,443.6,0.0653885880882965,0.211,0.967,0.471,0.549,65.79296875,0.9691056,0.463899862825789
489,443.6,0.0686743023740108,0.211,0.967,0.471,0.549,102.79296875,0.9775056,0.416677640603566
490,443.6,0.0462107455226989,0.211,0.967,0.471,0.549,84.29296875,0.9455856,0.4450109739369
491,443.6,0.0494964598084132,0.211,0.967,0.471,0.549,121.29296875,0.9539856,0.473344307270233
492,443.6,0.0527821740941275,0.211,0.967,0.471,0.549,75.04296875,0.9623856,0.426122085048011
493,443.6,0.0560678883798417,0.211,0.967,0.471,0.549,112.04296875,0.9707856,0.454455418381344
494,443.6,0.059353602665556,0.211,0.967,0.471,0.549,93.54296875,0.9791856,0.482788751714678
495,443.6,0.0626393169512703,0.211,0.967,0.471,0.549,130.54296875,0.9472656,0.41038134430727
496,443.6,0.0659250312369846,0.211,0.967,0.471,0.549,63.48046875,0.9556656,0.438714677640604
497,443.6,0.0466801332778009,0.211,0.967,0.471,0.549,100.48046875,0.9640656,0.467048010973937
498,443.6,0.0499658475635152,0.211,0.967,0.471,0.549,81.98046875,0.9724656,0.419825788751715
499,443.6,0.0532515618492295,0.211,0.967,0.471,0.549,118.98046875,0.9808656,0.448159122085048
500,443.6,0.0565372761349438,0.211,0.967,0.471,0.549,72.73046875,0.9392688,0.476492455418381
501,443.6,0.0598229904206581,0.211,0.967,0.471,0.549,54.59765625,0.9476688,0.429270233196159
502,443.6,0.0631087047063724,0.211,0.967,0.471,0.549,51.09765625,0.9560688,0.457603566529492
503,443.6,0.0663944189920866,0.211,0.967,0.471,0.549,58.09765625,0.9644688,0.485936899862826
504,443.6,0.047149521032903,0.211,0.967,0.471,0.549,46.72265625,0.9728688,0.413529492455418
505,443.6,0.0504352353186172,0.211,0.967,0.471,0.549,53.72265625,0.9409488,0.441862825788752
506,443.6,0.0537209496043315,0.211,0.967,0.471,0.549,50.22265625,0.9493488,0.470196159122085
507,443.6,0.0570066638900458,0.211,0.967,0.471,0.549,57.22265625,0.9577488,0.422973936899863
508,443.6,0.0602923781757601,0.211,0.967,0.471,0.549,48.47265625,0.9661488,0.451307270233196
509,443.6,0.0635780924614744,0.211,0.967,0.471,0.549,55.47265625,0.9745488,0.47964060356653
510,443.6,0.0668638067471887,0.211,0.967,0.471,0.549,51.97265625,0.9426288,0.432418381344307
511,443.6,0.047618908788005,0.211,0.967,0.471,0.549,58.97265625,0.9510288,0.460751714677641
512,443.6,0.0509046230737193,0.211,0.967,0.471,0.549,45.013671875,0.9594288,0.489085048010974
513,443.6,0.0541903373594336,0.211,0.967,0.471,0.549,52.013671875,0.9678288,0.408282578875171
514,443.6,0.0574760516451479,0.211,0.967,0.471,0.549,48.513671875,0.9762288,0.436615912208505
515,443.6,0.0607617659308621,0.211,0.967,0.471,0.549,55.513671875,0.9443088,0.464949245541838
516,443.6,0.0640474802165764,0.211,0.967,0.471,0.549,46.763671875,0.9527088,0.417727023319616
517,443.6,0.0673331945022907,0.211,0.967,0.471,0.549,53.763671875,0.9611088,0.446060356652949
518,443.6,0.048088296543107,0.211,0.967,0.471,0.549,50.263671875,0.9695088,0.474393689986283
519,443.6,0.0513740108288213,0.211,0.967,0.471,0.549,57.263671875,0.9779088,0.42717146776406
520,443.6,0.0546597251145356,0.211,0.967,0.471,0.549,45.888671875,0.9459888,0.455504801097394
521,443.6,0.0579454394002499,0.211,0.967,0.471,0.549,52.888671875,0.9543888,0.483838134430727
522,443.6,0.0612311536859642,0.211,0.967,0.471,0.549,49.388671875,0.9627888,0.41143072702332
523,443.6,0.0645168679716785,0.211,0.967,0.471,0.549,56.388671875,0.9711888,0.439764060356653
524,443.6,0.0678025822573928,0.211,0.967,0.471,0.549,47.638671875,0.9795888,0.468097393689986
525,443.6,0.0485576842982091,0.211,0.967,0.471,0.549,54.638671875,0.9396048,0.420875171467764
526,443.6,0.0518433985839234,0.211,0.967,0.471,0.549,51.138671875,0.9480048,0.449208504801097
527,443.6,0.0551291128696377,0.211,0.967,0.471,0.549,58.138671875,0.9564048,0.477541838134431
528,443.6,0.0584148271553519,0.211,0.967,0.471,0.549,45.451171875,0.9648048,0.430319615912208
529,443.6,0.0617005414410662,0.211,0.967,0.471,0.549,52.451171875,0.9732048,0.458652949245542
530,443.6,0.0649862557267805,0.211,0.967,0.471,0.549,48.951171875,0.9412848,0.486986282578875
531,443.6,0.0682719700124948,0.211,0.967,0.471,0.549,55.951171875,0.9496848,0.414578875171468
532,443.6,0.0490270720533111,0.211,0.967,0.471,0.549,47.201171875,0.9580848,0.442912208504801
533,443.6,0.0523127863390254,0.211,0.967,0.471,0.549,54.201171875,0.9664848,0.471245541838134
534,443.6,0.0555985006247397,0.211,0.967,0.471,0.549,50.701171875,0.9748848,0.424023319615912
535,443.6,0.058884214910454,0.211,0.967,0.471,0.549,57.701171875,0.9429648,0.452356652949246
536,443.6,0.0621699291961683,0.211,0.967,0.471,0.549,46.326171875,0.9513648,0.480689986282579
537,443.6,0.0654556434818826,0.211,0.967,0.471,0.549,53.326171875,0.9597648,0.433467764060357
538,443.6,0.0687413577675968,0.211,0.967,0.471,0.549,49.826171875,0.9681648,0.46180109739369
539,443.6,0.0462778009162849,0.211,0.967,0.471,0.549,56.826171875,0.9765648,0.490134430727023
540,443.6,0.0495635152019992,0.211,0.967,0.471,0.549,48.076171875,0.9446448,0.409331961591221
541,443.6,0.0528492294877135,0.211,0.967,0.471,0.549,55.076171875,0.9530448,0.437665294924554
542,443.6,0.0561349437734277,0.211,0.967,0.471,0.549,51.576171875,0.9614448,0.465998628257888
543,443.6,0.059420658059142,0.211,0.967,0.471,0.549,58.576171875,0.9698448,0.418776406035665
544,443.6,0.0627063723448563,0.211,0.967,0.471,0.549,45.232421875,0.9782448,0.447109739368999
545,443.6,0.0659920866305706,0.211,0.967,0.471,0.549,52.232421875,0.9463248,0.475443072702332
546,443.6,0.0467471886713869,0.211,0.967,0.471,0.549,48.732421875,0.9547248,0.42822085048011
547,443.6,0.0500329029571012,0.211,0.967,0.471,0.549,55.732421875,0.9631248,0.456554183813443
548,443.6,0.0533186172428155,0.211,0.967,0.471,0.549,46.982421875,0.9715248,0.484887517146776
549,443.6,0.0566043315285298,0.211,0.967,0.471,0.549,53.982421875,0.9799248,0.412480109739369
550,443.6,0.0598900458142441,0.211,0.967,0.471,0.549,50.482421875,0.9399408,0.440813443072702
551,443.6,0.0631757600999583,0.211,0.967,0.471,0.549,57.482421875,0.9483408,0.469146776406036
552,443.6,0.0664614743856726,0.211,0.967,0.471,0.549,46.107421875,0.9567408,0.421924554183813
553,443.6,0.047216576426489,0.211,0.967,0.471,0.549,53.107421875,0.9651408,0.450257887517147
554,443.6,0.0505022907122032,0.211,0.967,0.471,0.549,49.607421875,0.9735408,0.47859122085048
555,443.6,0.0537880049979175,0.211,0.967,0.471,0.549,56.607421875,0.9416208,0.431368998628258
556,443.6,0.0570737192836318,0.211,0.967,0.471,0.549,47.857421875,0.9500208,0.459702331961591
557,443.6,0.0603594335693461,0.211,0.967,0.471,0.549,54.857421875,0.9584208,0.488035665294925
558,443.6,0.0636451478550604,0.211,0.967,0.471,0.549,51.357421875,0.9668208,0.415628257887517
559,443.6,0.0669308621407747,0.211,0.967,0.471,0.549,58.357421875,0.9752208,0.44396159122085
560,443.6,0.047685964181591,0.211,0.967,0.471,0.549,45.669921875,0.9433008,0.472294924554184
561,443.6,0.0509716784673053,0.211,0.967,0.471,0.549,52.669921875,0.9517008,0.425072702331962
562,443.6,0.0542573927530196,0.211,0.967,0.471,0.549,49.169921875,0.9601008,0.453406035665295
563,443.6,0.0575431070387339,0.211,0.967,0.471,0.549,56.169921875,0.9685008,0.481739368998628
564,443.6,0.0608288213244481,0.211,0.967,0.471,0.549,47.419921875,0.9769008,0.434517146776406
565,443.6,0.0641145356101624,0.211,0.967,0.471,0.549,54.419921875,0.9449808,0.462850480109739
566,443.6,0.0674002498958767,0.211,0.967,0.471,0.549,50.919921875,0.9533808,0.491183813443073
567,443.6,0.048155351936693,0.211,0.967,0.471,0.549,57.919921875,0.9617808,0.407582990397805
568,443.6,0.0514410662224073,0.211,0.967,0.471,0.549,46.544921875,0.9701808,0.435916323731139
569,443.6,0.0547267805081216,0.211,0.967,0.471,0.549,53.544921875,0.9785808,0.464249657064472
570,443.6,0.0580124947938359,0.211,0.967,0.471,0.549,50.044921875,0.9466608,0.41702743484225
571,443.6,0.0612982090795502,0.211,0.967,0.471,0.549,57.044921875,0.9550608,0.445360768175583
572,443.6,0.0645839233652645,0.211,0.967,0.471,0.549,48.294921875,0.9634608,0.473694101508916
573,443.6,0.0678696376509788,0.211,0.967,0.471,0.549,55.294921875,0.9718608,0.426471879286694
574,443.6,0.0486247396917951,0.211,0.967,0.471,0.549,51.794921875,0.9802608,0.454805212620027
575,443.6,0.0519104539775094,0.211,0.967,0.471,0.549,58.794921875,0.9402768,0.483138545953361
576,443.6,0.0551961682632237,0.211,0.967,0.471,0.549,45.123046875,0.9486768,0.410731138545953
577,443.6,0.0584818825489379,0.211,0.967,0.471,0.549,52.123046875,0.9570768,0.439064471879287
578,443.6,0.0617675968346522,0.211,0.967,0.471,0.549,48.623046875,0.9654768,0.46739780521262
579,443.6,0.0650533111203665,0.211,0.967,0.471,0.549,55.623046875,0.9738768,0.420175582990398
580,443.6,0.0683390254060808,0.211,0.967,0.471,0.549,46.873046875,0.9419568,0.448508916323731
581,443.6,0.0490941274468971,0.211,0.967,0.471,0.549,53.873046875,0.9503568,0.476842249657064
582,443.6,0.0523798417326114,0.211,0.967,0.471,0.549,50.373046875,0.9587568,0.429620027434842
583,443.6,0.0556655560183257,0.211,0.967,0.471,0.549,57.373046875,0.9671568,0.457953360768176
584,443.6,0.05895127030404,0.211,0.967,0.471,0.549,45.998046875,0.9755568,0.486286694101509
585,443.6,0.0622369845897543,0.211,0.967,0.471,0.549,52.998046875,0.9436368,0.413879286694101
586,443.6,0.0655226988754685,0.211,0.967,0.471,0.549,49.498046875,0.9520368,0.442212620027435
587,443.6,0.0688084131611828,0.211,0.967,0.471,0.549,56.498046875,0.9604368,0.470545953360768
588,443.6,0.0463448563098709,0.211,0.967,0.471,0.549,47.748046875,0.9688368,0.423323731138546
589,443.6,0.0496305705955852,0.211,0.967,0.471,0.549,54.748046875,0.9772368,0.451657064471879
590,443.6,0.0529162848812995,0.211,0.967,0.471,0.549,51.248046875,0.9453168,0.479990397805213
591,443.6,0.0562019991670137,0.211,0.967,0.471,0.549,58.248046875,0.9537168,0.43276817558299
592,443.6,0.059487713452728,0.211,0.967,0.471,0.549,45.560546875,0.9621168,0.461101508916324
593,443.6,0.0627734277384423,0.211,0.967,0.471,0.549,52.560546875,0.9705168,0.489434842249657
594,443.6,0.0660591420241566,0.211,0.967,0.471,0.549,49.060546875,0.9789168,0.408632373113855
595,443.6,0.0468142440649729,0.211,0.967,0.471,0.549,56.060546875,0.9469968,0.436965706447188
596,443.6,0.0500999583506872,0.211,0.967,0.471,0.549,47.310546875,0.9553968,0.465299039780521
597,443.6,0.0533856726364015,0.211,0.967,0.471,0.549,54.310546875,0.9637968,0.418076817558299
598,443.6,0.0566713869221158,0.211,0.967,0.471,0.549,50.810546875,0.9721968,0.446410150891632
599,443.6,0.0599571012078301,0.211,0.967,0.471,0.549,57.810546875,0.9805968,0.474743484224966
600,443.6,0.0632428154935444,0.211,0.967,0.471,0.549,46.435546875,0.9406128,0.427521262002743
601,443.6,0.0665285297792586,0.211,0.967,0.471,0.549,39.435546875,0.9490128,0.455854595336077
602,443.6,0.047283631820075,0.211,0.967,0.471,0.549,35.935546875,0.9574128,0.48418792866941
603,443.6,0.0505693461057893,0.211,0.967,0.471,0.549,42.935546875,0.9658128,0.411780521262003
604,443.6,0.0538550603915035,0.211,0.967,0.471,0.549,34.185546875,0.9742128,0.440113854595336
605,443.6,0.0571407746772178,0.211,0.967,0.471,0.549,41.185546875,0.9422928,0.468447187928669
606,443.6,0.0604264889629321,0.211,0.967,0.471,0.549,37.685546875,0.9506928,0.421224965706447
607,443.6,0.0637122032486464,0.211,0.967,0.471,0.549,44.685546875,0.9590928,0.44955829903978
608,443.6,0.0669979175343607,0.211,0.967,0.471,0.549,31.341796875,0.9674928,0.477891632373114
609,443.6,0.047753019575177,0.211,0.967,0.471,0.549,38.341796875,0.9758928,0.430669410150892
610,443.6,0.0510387338608913,0.211,0.967,0.471,0.549,34.841796875,0.9439728,0.459002743484225
611,443.6,0.0543244481466056,0.211,0.967,0.471,0.549,41.841796875,0.9523728,0.487336076817558
612,443.6,0.0576101624323199,0.211,0.967,0.471,0.549,33.091796875,0.9607728,0.414928669410151
613,443.6,0.0608958767180342,0.211,0.967,0.471,0.549,40.091796875,0.9691728,0.443262002743484
614,443.6,0.0641815910037484,0.211,0.967,0.471,0.549,36.591796875,0.9775728,0.471595336076818
615,443.6,0.0674673052894627,0.211,0.967,0.471,0.549,43.591796875,0.9456528,0.424373113854595
616,443.6,0.048222407330279,0.211,0.967,0.471,0.549,32.216796875,0.9540528,0.452706447187929
617,443.6,0.0515081216159933,0.211,0.967,0.471,0.549,39.216796875,0.9624528,0.481039780521262
618,443.6,0.0547938359017076,0.211,0.967,0.471,0.549,35.716796875,0.9708528,0.43381755829904
619,443.6,0.0580795501874219,0.211,0.967,0.471,0.549,42.716796875,0.9792528,0.462150891632373
620,443.6,0.0613652644731362,0.211,0.967,0.471,0.549,33.966796875,0.9473328,0.490484224965706
621,443.6,0.0646509787588505,0.211,0.967,0.471,0.549,40.966796875,0.9557328,0.409681755829904
622,443.6,0.0679366930445648,0.211,0.967,0.471,0.549,37.466796875,0.9641328,0.438015089163237
623,443.6,0.0486917950853811,0.211,0.967,0.471,0.549,44.466796875,0.9725328,0.466348422496571
624,443.6,0.0519775093710954,0.211,0.967,0.471,0.549,31.779296875,0.9809328,0.419126200274348
625,443.6,0.0552632236568097,0.211,0.967,0.471,0.549,38.779296875,0.93901344,0.447459533607682
626,443.6,0.058548937942524,0.211,0.967,0.471,0.549,35.279296875,0.94741344,0.475792866941015
627,443.6,0.0618346522282382,0.211,0.967,0.471,0.549,42.279296875,0.95581344,0.428570644718793
628,443.6,0.0651203665139525,0.211,0.967,0.471,0.549,33.529296875,0.96421344,0.456903978052126
629,443.6,0.0684060807996668,0.211,0.967,0.471,0.549,40.529296875,0.97261344,0.48523731138546
630,443.6,0.0491611828404831,0.211,0.967,0.471,0.549,37.029296875,0.94069344,0.412829903978052
631,443.6,0.0524468971261974,0.211,0.967,0.471,0.549,44.029296875,0.94909344,0.441163237311385
632,443.6,0.0557326114119117,0.211,0.967,0.471,0.549,32.654296875,0.95749344,0.469496570644719
633,443.6,0.059018325697626,0.211,0.967,0.471,0.549,39.654296875,0.96589344,0.422274348422497
634,443.6,0.0623040399833403,0.211,0.967,0.471,0.549,36.154296875,0.97429344,0.45060768175583
635,443.6,0.0655897542690546,0.211,0.967,0.471,0.549,43.154296875,0.94237344,0.478941015089163
636,443.6,0.0688754685547689,0.211,0.967,0.471,0.549,34.404296875,0.95077344,0.431718792866941
637,443.6,0.0464119117034569,0.211,0.967,0.471,0.549,41.404296875,0.95917344,0.460052126200274
638,443.6,0.0496976259891712,0.211,0.967,0.471,0.549,37.904296875,0.96757344,0.488385459533608
639,443.6,0.0529833402748855,0.211,0.967,0.471,0.549,44.904296875,0.97597344,0.4159780521262
640,443.6,0.0562690545605998,0.211,0.967,0.471,0.549,31.068359375,0.94405344,0.444311385459534
641,443.6,0.059554768846314,0.211,0.967,0.471,0.549,38.068359375,0.95245344,0.472644718792867
642,443.6,0.0628404831320283,0.211,0.967,0.471,0.549,34.568359375,0.96085344,0.425422496570645
643,443.6,0.0661261974177426,0.211,0.967,0.471,0.549,41.568359375,0.96925344,0.453755829903978
644,443.6,0.0468812994585589,0.211,0.967,0.471,0.549,32.818359375,0.97765344,0.482089163237311
645,443.6,0.0501670137442732,0.211,0.967,0.471,0.549,39.818359375,0.94573344,0.434866941015089
646,443.6,0.0534527280299875,0.211,0.967,0.471,0.549,36.318359375,0.95413344,0.463200274348422
647,443.6,0.0567384423157018,0.211,0.967,0.471,0.549,43.318359375,0.96253344,0.491533607681756
648,443.6,0.0600241566014161,0.211,0.967,0.471,0.549,31.943359375,0.97093344,0.407932784636488
649,443.6,0.0633098708871304,0.211,0.967,0.471,0.549,38.943359375,0.97933344,0.436266117969822
650,443.6,0.0665955851728447,0.211,0.967,0.471,0.549,35.443359375,0.93934944,0.464599451303155
651,443.6,0.047350687213661,0.211,0.967,0.471,0.549,42.443359375,0.94774944,0.417377229080933
652,443.6,0.0506364014993753,0.211,0.967,0.471,0.549,33.693359375,0.95614944,0.445710562414266
653,443.6,0.0539221157850895,0.211,0.967,0.471,0.549,40.693359375,0.96454944,0.474043895747599
654,443.6,0.0572078300708038,0.211,0.967,0.471,0.549,37.193359375,0.97294944,0.426821673525377
655,443.6,0.0604935443565181,0.211,0.967,0.471,0.549,44.193359375,0.94102944,0.455155006858711
656,443.6,0.0637792586422324,0.211,0.967,0.471,0.549,31.505859375,0.94942944,0.483488340192044
657,443.6,0.0670649729279467,0.211,0.967,0.471,0.549,38.505859375,0.95782944,0.411080932784636
658,443.6,0.047820074968763,0.211,0.967,0.471,0.549,35.005859375,0.96622944,0.43941426611797
659,443.6,0.0511057892544773,0.211,0.967,0.471,0.549,42.005859375,0.97462944,0.467747599451303
660,443.6,0.0543915035401916,0.211,0.967,0.471,0.549,33.255859375,0.94270944,0.420525377229081
661,443.6,0.0576772178259059,0.211,0.967,0.471,0.549,40.255859375,0.95110944,0.448858710562414
662,443.6,0.0609629321116202,0.211,0.967,0.471,0.549,36.755859375,0.95950944,0.477192043895748
663,443.6,0.0642486463973344,0.211,0.967,0.471,0.549,43.755859375,0.96790944,0.429969821673525
664,443.6,0.0675343606830487,0.211,0.967,0.471,0.549,32.380859375,0.97630944,0.458303155006859
665,443.6,0.0482894627238651,0.211,0.967,0.471,0.549,39.380859375,0.94438944,0.486636488340192
666,443.6,0.0515751770095793,0.211,0.967,0.471,0.549,35.880859375,0.95278944,0.414229080932785
667,443.6,0.0548608912952936,0.211,0.967,0.471,0.549,42.880859375,0.96118944,0.442562414266118
668,443.6,0.0581466055810079,0.211,0.967,0.471,0.549,34.130859375,0.96958944,0.470895747599451
669,443.6,0.0614323198667222,0.211,0.967,0.471,0.549,41.130859375,0.97798944,0.423673525377229
670,443.6,0.0647180341524365,0.211,0.967,0.471,0.549,37.630859375,0.94606944,0.452006858710562
671,443.6,0.0680037484381508,0.211,0.967,0.471,0.549,44.630859375,0.95446944,0.480340192043896
672,443.6,0.0487588504789671,0.211,0.967,0.471,0.549,31.287109375,0.96286944,0.433117969821673
673,443.6,0.0520445647646814,0.211,0.967,0.471,0.549,38.287109375,0.97126944,0.461451303155007
674,443.6,0.0553302790503957,0.211,0.967,0.471,0.549,34.787109375,0.97966944,0.48978463648834
675,443.6,0.05861599333611,0.211,0.967,0.471,0.549,41.787109375,0.93968544,0.408982167352538
676,443.6,0.0619017076218242,0.211,0.967,0.471,0.549,33.037109375,0.94808544,0.437315500685871
677,443.6,0.0651874219075385,0.211,0.967,0.471,0.549,40.037109375,0.95648544,0.465648834019204
678,443.6,0.0684731361932528,0.211,0.967,0.471,0.549,36.537109375,0.96488544,0.418426611796982
679,443.6,0.0492282382340691,0.211,0.967,0.471,0.549,43.537109375,0.97328544,0.446759945130315
680,443.6,0.0525139525197834,0.211,0.967,0.471,0.549,32.162109375,0.94136544,0.475093278463649
681,443.6,0.0557996668054977,0.211,0.967,0.471,0.549,39.162109375,0.94976544,0.427871056241427
682,443.6,0.059085381091212,0.211,0.967,0.471,0.549,35.662109375,0.95816544,0.45620438957476
683,443.6,0.0623710953769263,0.211,0.967,0.471,0.549,42.662109375,0.96656544,0.484537722908093
684,443.6,0.0656568096626406,0.211,0.967,0.471,0.549,33.912109375,0.97496544,0.412130315500686
685,443.6,0.0689425239483549,0.211,0.967,0.471,0.549,40.912109375,0.94304544,0.440463648834019
686,443.6,0.0460191586838817,0.211,0.967,0.471,0.549,37.412109375,0.95144544,0.468796982167353
687,443.6,0.049304872969596,0.211,0.967,0.471,0.549,44.412109375,0.95984544,0.42157475994513
688,443.6,0.0525905872553103,0.211,0.967,0.471,0.549,31.724609375,0.96824544,0.449908093278464
689,443.6,0.0558763015410246,0.211,0.967,0.471,0.549,38.724609375,0.97664544,0.478241426611797
690,443.6,0.0591620158267389,0.211,0.967,0.471,0.549,35.224609375,0.94472544,0.431019204389575
691,443.6,0.0624477301124532,0.211,0.967,0.471,0.549,42.224609375,0.95312544,0.459352537722908
692,443.6,0.0657334443981674,0.211,0.967,0.471,0.549,33.474609375,0.96152544,0.487685871056241
693,443.6,0.0464885464389838,0.211,0.967,0.471,0.549,40.474609375,0.96992544,0.415278463648834
694,443.6,0.049774260724698,0.211,0.967,0.471,0.549,36.974609375,0.97832544,0.443611796982167
695,443.6,0.0530599750104123,0.211,0.967,0.471,0.549,43.974609375,0.94640544,0.471945130315501
696,443.6,0.0563456892961266,0.211,0.967,0.471,0.549,32.599609375,0.95480544,0.424722908093278
697,443.6,0.0596314035818409,0.211,0.967,0.471,0.549,39.599609375,0.96320544,0.453056241426612
698,443.6,0.0629171178675552,0.211,0.967,0.471,0.549,36.099609375,0.97160544,0.481389574759945
699,443.6,0.0662028321532695,0.211,0.967,0.471,0.549,43.099609375,0.98000544,0.434167352537723
700,443.6,0.0469579341940858,0.211,0.967,0.471,0.549,34.349609375,0.94002144,0.462500685871056
